<?xml version="1.0"?>
<!--
/**
 * Copyright (c) 2011-2020 SAS WEB COOKING - Vincent René Lucien Enjalbert. All rights reserved.
 * See LICENSE-EN.txt for license details.
 */
 -->
<config xmlns:xsi="http://www.w3.org/2001/XMLSchema-instance" xsi:noNamespaceSchemaLocation="urn:magento:framework:ObjectManager/etc/config.xsd">
    <type name="Magento\Catalog\Controller\Adminhtml\Product\Initialization\Helper">
        <plugin name="SimpleBundle" type="Webcooking\SimpleBundle\Controller\Adminhtml\Product\Initialization\Helper\Plugin\SimpleBundle" sortOrder="60" />
    </type>
     <virtualType name="Magento\Catalog\Ui\DataProvider\Product\Form\Modifier\Pool">
        <arguments>
            <argument name="modifiers" xsi:type="array">
                <item name="simplebundle" xsi:type="array">
                    <item name="class" xsi:type="string">Webcooking\SimpleBundle\Ui\DataProvider\Product\Form\Modifier\SimpleBundle</item>
                    <item name="sortOrder" xsi:type="number">125</item>
                </item>
            </argument>
        </arguments>
    </virtualType>
    <type name="Webcooking\SimpleBundle\Ui\DataProvider\Product\Form\Modifier\SimpleBundle">
        <arguments>
            <argument name="modifiers" xsi:type="array">
                <item name="simplebundlePanel" xsi:type="string">Webcooking\SimpleBundle\Ui\DataProvider\Product\Form\Modifier\BundlePanel</item>
            </argument>
        </arguments>
    </type>
</config>
