<?xml version="1.0"?>
<!--
/**
 * Copyright (c) 2011-2020 SAS WEB COOKING - Vincent René Lucien Enjalbert. All rights reserved.
 * See LICENSE-EN.txt for license details.
 */
 -->
<config xmlns:xsi="http://www.w3.org/2001/XMLSchema-instance" xsi:noNamespaceSchemaLocation="urn:magento:module:Magento_Config:etc/system_file.xsd">
    <system>
        <section id="simplebundle" translate="label" type="text" sortOrder="40" showInDefault="1" showInWebsite="1" showInStore="1">
            <class>separator-top</class>
            <label>SimpleBundle</label>
            <tab>webcooking</tab>
            <resource>Webcooking_SimpleBundle::config_simplebundle</resource>
            <group id="general" translate="label" type="text" sortOrder="10" showInDefault="1" showInWebsite="1" showInStore="1">
                <label>General configuration</label>
                <field id="always_discount" translate="label" type="select" sortOrder="10" showInDefault="1" showInWebsite="0" showInStore="0">
                    <label>Always apply bundle discount ?</label>
                    <comment>If yes, the bundle discount is applied even if products are added separatly</comment>
                    <source_model>Magento\Config\Model\Config\Source\Yesno</source_model>
                </field>
                <field id="exclude_base_product_from_discount" translate="label" type="select" sortOrder="20" showInDefault="1" showInWebsite="0" showInStore="0">
                    <label>Exclude Base Product From Discount ?</label>
                    <comment>If yes, the base product gets excluded from the discount calculation. This is a general default value, you will be able to specify this per simplebundle.</comment>
                    <source_model>Magento\Config\Model\Config\Source\Yesno</source_model>
                </field>
                <field id="apply_sales_rules_on_bundle_price" translate="label" type="select" sortOrder="30" showInDefault="1" showInWebsite="0" showInStore="0">
                    <label>Apply sales rules on Simple Bundle product prices ?</label>
                    <comment>For example, you have a bundle with original price of 100 and 10% discount. SimpleBundle discount will be 10. If you add a coupon code with another 10%, the coupon discount will be 10 if no, 9 if yes.</comment>
                    <source_model>Magento\Config\Model\Config\Source\Yesno</source_model>
                </field>
                <field id="special_price_behavior" translate="label" type="select" sortOrder="40" showInDefault="1" showInWebsite="0" showInStore="0">
                    <label>Behavior when a product of the bundle has a special price.</label>
                    <comment><![CDATA[Use lowest price : Will calculate discount on regular prices. The lowest price between bundle calculated price, and price if added separatly will be chosen.<br/>Disable Bundle : The bundle will not appear if there is a product in promotion.<br/>Cumulate : The bundle discount will be applied on special prices. (Warning, this could be a margin killer).<br/>This is a general default value, you will be able to specify this per simplebundle.]]></comment>
                    <source_model>Webcooking\SimpleBundle\Model\Config\Source\Bundle\SpecialPriceBehavior</source_model>
                </field>
                <!--<field id="prefer_excluding_tax_prices" translate="label" type="select" sortOrder="50" showInDefault="1" showInWebsite="0" showInStore="0">
                    <label>Display prices Excl. Tax ?</label>
                    <comment>If your configuration is set to "Display both excl. and incl." only</comment>
                    <source_model>Magento\Config\Model\Config\Source\Yesno</source_model>
                </field>-->
            </group>
            <group id="popup" translate="label" type="text" sortOrder="100" showInDefault="1" showInWebsite="1" showInStore="1">
                <label>Popup configuration</label>
                <field id="display_all_products" translate="label" type="select" sortOrder="10" showInDefault="1" showInWebsite="0" showInStore="0">
                    <label>Display all products in popup ?</label>
                    <comment>If yes, when there is options in bundle products, all products will be displayed in popup</comment>
                    <source_model>Magento\Config\Model\Config\Source\Yesno</source_model>
                </field>
            </group>
        </section>
    </system>
</config>
