<?xml version="1.0"?>
<!--
/**
 * Copyright © MageWorx. All rights reserved.
 * See LICENSE.txt for license details.
 */
-->
<config xmlns:xsi="http://www.w3.org/2001/XMLSchema-instance" xsi:noNamespaceSchemaLocation="urn:magento:framework:Acl/etc/acl.xsd">
    <acl>
        <resources>
            <resource id="Magento_Backend::admin">
                <resource id="Magento_Backend::system">
                    <resource id="Magento_Backend::convert">
                        <resource id="MageWorx_DownloadsImportExport::sections" title="Import/Export Sections (MageWorx Downloads)" sortOrder="40"/>
                        <resource id="MageWorx_DownloadsImportExport::attachments" title="Import/Export Attachments (MageWorx Downloads)" sortOrder="41"/>
                    </resource>
                </resource>
            </resource>
        </resources>
    </acl>
</config>
