<?xml version="1.0"?>
<!--
/**
 * Copyright (c) 2011-2020 SAS WEB COOKING - Vincent René Lucien Enjalbert. All rights reserved.
 * See LICENSE-EN.txt for license details.
 */
 -->
<config xmlns:xsi="http://www.w3.org/2001/XMLSchema-instance" xsi:noNamespaceSchemaLocation="urn:magento:framework:Acl/etc/acl.xsd">
    <acl>
        <resources>
            <resource id="Magento_Backend::admin">
                <resource id="Magento_Catalog::catalog">
                    <resource id="Webcooking_SimpleBundle::simplebundle" title="Simple Bundle" sortOrder="10">
                        <resource id="Webcooking_SimpleBundle::simplebundle_bundle" title="Bundles" sortOrder="10">
                        </resource>
                        <resource id="Webcooking_SimpleBundle::simplebundle_template" title="Templates" sortOrder="20">
                        </resource>
                    </resource>
                </resource>
                <resource id="Magento_Backend::stores">
                    <resource id="Magento_Backend::stores_settings">
                        <resource id="Magento_Config::config">
                            <resource id="Webcooking_SimpleBundle::config_simplebundle" title="SimpleBundle" />
                        </resource>
                    </resource>
                </resource>
            </resource>
        </resources>
    </acl>
</config>
