<?xml version="1.0"?>
<!--
/**
 * Copyright (c) 2011-2020 SAS WEB COOKING - Vincent René Lucien Enjalbert. All rights reserved.
 * See LICENSE-EN.txt for license details.
 */
 -->
<config xmlns:xsi="http://www.w3.org/2001/XMLSchema-instance" xsi:noNamespaceSchemaLocation="urn:magento:framework:ObjectManager/etc/config.xsd">
    
    <preference for="Webcooking\SimpleBundle\Api\BundleRepositoryInterface" type="Webcooking\SimpleBundle\Model\BundleRepository" />
    <preference for="Webcooking\SimpleBundle\Api\TemplateRepositoryInterface" type="Webcooking\SimpleBundle\Model\TemplateRepository" />
    <preference for="Webcooking\SimpleBundle\Api\Data\BundleSearchResultsInterface" type="Magento\Framework\Api\SearchResults" />
    
    <!--<virtualType name="Webcooking\SimpleBundle\Model\Resource\Bundle\Grid\Collection" type="Magento\Framework\View\Element\UiComponent\DataProvider\SearchResult">
        <arguments>
            <argument name="mainTable" xsi:type="string">simple_bundle</argument>
            <argument name="resourceModel" xsi:type="string">Webcooking\SimpleBundle\Model\ResourceModel\Bundle</argument>
        </arguments>
    </virtualType>-->
    <type name="Webcooking\SimpleBundle\Model\ResourceModel\Bundle\Grid\Collection">
        <arguments>
            <argument name="mainTable" xsi:type="string">simple_bundle</argument>
            <argument name="eventPrefix" xsi:type="string">simplebundle_grid_collection</argument>
            <argument name="eventObject" xsi:type="string">simplebundle_grid_collection</argument>
            <argument name="resourceModel" xsi:type="string">Webcooking\SimpleBundle\Model\ResourceModel\Bundle</argument>
        </arguments>
    </type>
    <virtualType name="Webcooking\SimpleBundle\Model\Resource\Template\Grid\Collection" type="Magento\Framework\View\Element\UiComponent\DataProvider\SearchResult">
        <arguments>
            <argument name="mainTable" xsi:type="string">simple_bundle_template</argument>
            <argument name="resourceModel" xsi:type="string">Webcooking\SimpleBundle\Model\ResourceModel\Template</argument>
        </arguments>
    </virtualType>
    <type name="Magento\Framework\View\Element\UiComponent\DataProvider\CollectionFactory">
        <arguments>
            <argument name="collections" xsi:type="array">
                <item name="simplebundle_bundle_listing_data_source" xsi:type="string">Webcooking\SimpleBundle\Model\ResourceModel\Bundle\Grid\Collection</item>
            </argument>
        </arguments>
    </type>
    <type name="Magento\Framework\View\Element\UiComponent\DataProvider\CollectionFactory">
        <arguments>
            <argument name="collections" xsi:type="array">
                <item name="simplebundle_template_listing_data_source" xsi:type="string">Webcooking\SimpleBundle\Model\Resource\Template\Grid\Collection</item>
            </argument>
        </arguments>
    </type>
    <type name="Magento\Framework\Model\Entity\RepositoryFactory">
        <arguments>
            <argument name="entities" xsi:type="array">
                <item name="Webcooking\SimpleBundle\Api\Data\BundleInterface" xsi:type="string">Webcooking\SimpleBundle\Api\BundleRepositoryInterface</item>
            </argument>
            <argument name="entities" xsi:type="array">
                <item name="Webcooking\SimpleBundle\Api\Data\TemplateInterface" xsi:type="string">Webcooking\SimpleBundle\Api\TemplateRepositoryInterface</item>
            </argument>
        </arguments>
    </type>
    <type name="Magento\Framework\EntityManager\Operation\ExtensionPool">
        <arguments>
            <argument name="extensionActions" xsi:type="array">
                <item name="Magento\Catalog\Api\Data\ProductInterface" xsi:type="array">
                    <item name="create" xsi:type="array">
                        <item name="create_simplebundle_bundle" xsi:type="string">Webcooking\SimpleBundle\Model\Product\SaveHandler</item>
                    </item>
                    <item name="update" xsi:type="array">
                        <item name="update_simplebundle_bundle" xsi:type="string">Webcooking\SimpleBundle\Model\Product\SaveHandler</item>
                    </item>
                    <item name="read" xsi:type="array">
                        <item name="read_simplebundle_bundle" xsi:type="string">Webcooking\SimpleBundle\Model\Product\ReadHandler</item>
                    </item>
                </item>
            </argument>
        </arguments>
    </type>
    <type name="Magento\SalesRule\Model\Quote\Discount">
        <plugin name="simplebundle" type="Webcooking\SimpleBundle\Model\Plugin\SalesRule\Quote\Discount" sortOrder="10"/>
    </type>
    <type name="Magento\Framework\Console\CommandListInterface">
        <arguments>
            <argument name="commands" xsi:type="array">
                <item name="sampledataDeployCommand" xsi:type="object">Webcooking\SimpleBundle\Console\Command\SampledataDeployCommand</item>
                <item name="debugCommand" xsi:type="object">Webcooking\SimpleBundle\Console\Command\DebugCommand</item>
            </argument>
        </arguments>
    </type>
    <preference for="Webcooking\SimpleBundle\Api\Data\BundleInterface" type="Webcooking\SimpleBundle\Model\Bundle" />
    <preference for="Webcooking\SimpleBundle\Api\Data\BundleItemInterface" type="Webcooking\SimpleBundle\Model\BundleItem" />
    <preference for="Webcooking\SimpleBundle\Api\Data\TemplateInterface" type="Webcooking\SimpleBundle\Model\Template" />
    <preference for="Webcooking\SimpleBundle\Api\Data\TemplateItemInterface" type="Webcooking\SimpleBundle\Model\TemplateItem" />
</config>