<?xml version="1.0"?>
<!--
/**
 * Copyright © 2016 MageWorx. All rights reserved.
 * See LICENSE.txt for license details.
 */
 -->
<config xmlns:xsi="http://www.w3.org/2001/XMLSchema-instance" xsi:noNamespaceSchemaLocation="urn:magento:framework:ObjectManager/etc/config.xsd">
    <virtualType name="Magento\Catalog\Ui\DataProvider\Product\Form\Modifier\Pool">
        <arguments>
            <argument name="modifiers" xsi:type="array">
                <item name="mageworx_attachment" xsi:type="array">
                    <item name="class" xsi:type="string">MageWorx\Downloads\Ui\DataProvider\Product\Form\Modifier\Attachment</item>
                    <item name="sortOrder" xsi:type="number">110</item>
                </item>
                <item name="mageworx_new_attachments" xsi:type="array">
                    <item name="class" xsi:type="string">MageWorx\Downloads\Ui\DataProvider\Product\Form\Modifier\NewAttachments</item>
                    <item name="sortOrder" xsi:type="number">111</item>
                </item>
            </argument>
        </arguments>
    </virtualType>
</config>