<?xml version="1.0"?>
<config xmlns:xsi="http://www.w3.org/2001/XMLSchema-instance" xsi:noNamespaceSchemaLocation="urn:magento:framework:ObjectManager/etc/config.xsd">
    <type name="Magento\Customer\CustomerData\SectionPoolInterface">
	    <arguments>
	        <argument name="sectionSourceMap" xsi:type="array">
	            <item name="tax-switcher" xsi:type="string">Anowave\TaxSwitch\CustomerData\TaxSwitch</item>
	        </argument>
	    </arguments>
	</type>
	<type name="Magento\Customer\Block\Adminhtml\Group\Edit\Form">
	    <plugin name="ec" type="Anowave\TaxSwitch\Plugin\Group\Form" sortOrder="1"/>
	</type>
	<type name="Magento\Customer\Controller\Adminhtml\Group\Save">
	    <plugin name="ec" type="Anowave\TaxSwitch\Plugin\Group\Form" sortOrder="1"/>
	</type>
	<preference for="Magento\Catalog\Pricing\Render\FinalPriceBox" type="Anowave\TaxSwitch\Pricing\Extended" />
	<preference for="Magento\Framework\Cache\Frontend\Decorator\TagScope" type="Anowave\TaxSwitch\Pricing\Cache" />
</config>